Dealer,Endereço 1,Endereço 2,CNPJ
AGRINORTE LTDA,"ROD PA 256, KM 2 S/N",PARAGOMINAS PA 68625-970,04610082000147
AGRINORTE LTDA,AV JK DE OLIVEIRA 375,DOM ELISEU PA 68633-000,04610082000813
AGRINORTE LTDA,"ROD BR 316, KM 05 365-B",ANANINDEUA PA 67020-971,04610082000651
AGRINORTE LTDA,"ROD BR 155, KM 02 DISTR IND S/N",MARABA PA 68508-970,04610082000490
AGRINORTE LTDA,"AVE BRASIL (ALACID NUNES), LOJA S/N",REDENCAO PA 68550-005,04610082000309
AGRINORTE LTDA,"AV HENRIQUE VITA, LOTE 22 S/N",QUADRA 159 SANTANA DO ARAGUAIA PA 68560-000,04610082000902
AGRINORTE LTDA,"ROD SANTAREM CUIABA, KM 13 S/N",SANTAREM PA 68030-990,04610082000732
AGRO BAGGIO MAQUINAS AGRICOLAS LTDA,AV JOSE APARECIDO RIBEIRO 213 S,NOVA MUTUM MT 78450-500,01696819000521
AGRO BAGGIO MAQUINAS AGRICOLAS LTDA,AVENIDA DA PRODUCAO 1380-W,LUCAS DO RIO VERDE MT 78460-500,01696819000440
AGRO BAGGIO MAQUINAS AGRICOLAS LTDA,AV DOS TRABALHADORES 74,TAPURAH MT 78573-000,01696819000793
AGRO BAGGIO MAQUINAS AGRICOLAS LTDA,AVENIDA IDEMAR RIEDI 11790,SORRISO MT 78897-066,01696819000106
AGRO BAGGIO MAQUINAS AGRICOLAS LTDA,ROD MT 140 LOTE 16B S/N,SORRISO MT 78899-200,01696819000602
AGRO BAGGIO MAQUINAS AGRICOLAS LTDA,RUA JOAO PEDRO MOREIRA DE CARVALHO 3718,SINOP MT 78550-000,01696819000360
AGRO BAGGIO MAQUINAS AGRICOLAS LTDA,AV ITAUBA S/N,FELIZ NATAL MT 78885-000,01696819001250
AGRO BAGGIO MAQUINAS AGRICOLAS LTDA,AVENIDA COMENDADOR JOSE PEDRO DIAS 199,TABAPORA MT 78563-000,01696819001170
AGRO BAGGIO MAQUINAS AGRICOLAS LTDA,AVENIDA COLONIZADOR JOSE BIANCHINI 1669,MARCELANDIA MT 78535-000,01696819001331
AGRO BAGGIO MAQUINAS AGRICOLAS LTDA,"ROD BR 163, KM 1040 101",LOTE 01 QUADRA 01 MATUPA MT 78525-000,01696819000955
AGRO BAGGIO MAQUINAS AGRICOLAS LTDA,"ROD MT 208, 349",ALTA FLORESTA MT 78580-000,01696819000874
AGROSUL MAQUINAS LTDA,"AV AHYLON MACEDO, LOT MARIA PERC II 1074",BARREIRAS BA 47810-692,40512337000283
AGROSUL MAQUINAS LTDA,AV DIOCLESIO RAMOS 224,LUIS EDUARDO MAGALHAES BA 47850-000,40512337000100
AGROSUL MAQUINAS LTDA,"ROD BR 020, KM 138 S/N",SAO DESIDERIO BA 47827-970,40512337000607
AGROSUL MAQUINAS LTDA,"ROD BR 135, QUADRA 631, LOTE 1814",FORMOSA DO RIO PRETO BA 47990-000,40512337000798
AGROSUL MAQUINAS LTDA,"RUA CONTORNO, QUADRA 10 LOTE 01 A 08 S/N",CORRENTINA BA 47650-000,40512337000445
AGROSUL MAQUINAS LTDA,"ROD BR 135, KM 356 S/N",BOM JESUS PI 64900-000,40512337000364
AGROSUL MAQUINAS LTDA,AV ARI ROCHA 4488,BAIXA GRANDE DO RIBEIRO PI 64868-000,40512337000950
AGROSUL MAQUINAS LTDA,"ROD PI 247, KM 01 SALA 01 2150",URUCUI PI 64860-000,40512337000879
ALVORADA SISTEMAS AGRICOLAS LTDA,"ROD BR 285, KM 565 S/N",SAO LUIZ GONZAGA RS 97800-000,89122972000677
ALVORADA SISTEMAS AGRICOLAS LTDA,AV TANCREDO NEVES 1573,SAO BORJA RS 97670-000,89122972000162
ALVORADA SISTEMAS AGRICOLAS LTDA,AV BORGES DE MEDEIROS 2220,ITAQUI RS 97650-000,89122972000758
ALVORADA SISTEMAS AGRICOLAS LTDA,AV ASSIS BRASIL 2109,ALEGRETE RS 97545-080,89122972000324
ALVORADA SISTEMAS AGRICOLAS LTDA,AV ANTONIO TRILHA 836,SÃO GABRIEL RS 97306-064,89122972001649
ALVORADA SISTEMAS AGRICOLAS LTDA,RUA MAL SETEMBRINO DE CARVALHO 450,URUGUAIANA RS 97509-650,89122972000596
ALVORADA SISTEMAS AGRICOLAS LTDA,"ROD BR-153, KM 376, LT B 8405",CACHOEIRA DO SUL RS 96504-800,89122972001487
ALVORADA SISTEMAS AGRICOLAS LTDA,"R VINTE E UM DE ABRIL, LT B 2842",DOM PEDRITO RS 96450-000,89122972001720
ALVORADA SISTEMAS AGRICOLAS LTDA,"AV SANTA TECLA, LT B 3150",BAGE RS 96413-000,89122972001568
ALVORADA SISTEMAS AGRICOLAS LTDA,EST GERAL DE SERTAO DE SANTANA 150,BARRA DO RIBEIRO RS 92880-000,89122972001053
ALVORADA SISTEMAS AGRICOLAS LTDA,R JOSE JULIO CENTENO COUTINHO 711,CAMAQUA RS 96789-866,89122972001304
ALVORADA SISTEMAS AGRICOLAS LTDA,AV CEL NONO CENTENO 1006,SAO LOURENCO DO SUL RS 96170-000,89122972001215
ALVORADA SISTEMAS AGRICOLAS LTDA,AV PRESIDENTE JOAO BELCHIOR MARQUES GOULART 9396,BAIRRO FRAGATA PELOTAS RS 96055-030,89122972000839
ALVORADA SISTEMAS AGRICOLAS LTDA,LRG ALMIRANTE SALDANHA DA GAMA 344,SANTA VITORIA DO PALMAR RS 96230-000,89122972000910
ASTER MAQUINAS E SOLUCOES INTEGRADAS LTDA,AVENIDA PREFEITO ANDRE ANTONIO MAGGI 1139,SAPEZAL MT 78365-000,06220403000203
ASTER MAQUINAS E SOLUCOES INTEGRADAS LTDA,AV OLACIR FRANCISCO DE MORAES 2703,CAMPO NOVO DO PARECIS MT 78360-000,06220403000475
ASTER MAQUINAS E SOLUCOES INTEGRADAS LTDA,AV AMOS BERNADINO ZANCHET SN,NOVA MARINGA MT 78440-000,06220403001285
ASTER MAQUINAS E SOLUCOES INTEGRADAS LTDA,"AVENIDA LIONS INTERNACIONAL, SALA B, 1646-W",TANGARA DA SERRA MT 78300-000,06220403000122
ASTER MAQUINAS E SOLUCOES INTEGRADAS LTDA,AV MARECHAL CANDIDO RONDON 1215,BARRA DO BUGRES MT 78390-000,06220403001102
ASTER MAQUINAS E SOLUCOES INTEGRADAS LTDA,"RODOVIA MT 121, QUADRA 01, LOTE 8, S/N",DIAMANTINO MT 78400-000,06220403000394
ASTER MAQUINAS E SOLUCOES INTEGRADAS LTDA,AV RIO ARINOS 2319-S,GLEBA TAQUARAL JUARA MT 78575-000,06220403001447
ASTER MAQUINAS E SOLUCOES INTEGRADAS LTDA,RUA ELVINO R NOGUEIRA 1967,SAO GABRIEL DO OESTE MS 79490-000,06220403000637
ASTER MAQUINAS E SOLUCOES INTEGRADAS LTDA,AVE CORONEL ANTONINO 4217,CAMPO GRANDE MS 79016-000,06220403001013
ASTER MAQUINAS E SOLUCOES INTEGRADAS LTDA,AV DORVALINO DOS SANTOS 2681,SIDROLANDIA MS 79170-000,06220403001528
ASTER MAQUINAS E SOLUCOES INTEGRADAS LTDA,"AVE MARECHAL FLORIANO PEIXOTO, LOT 1 QDR S/N",MARACAJU MS 79150-000,06220403000718
CIARAMA MAQUINAS LTDA,RUA DOURADOS 595,ELDORADO MS 79970-000,04410878000318
CIARAMA MAQUINAS LTDA,"AV AMELIA FUKUDA, SALA 02 1237",NAVIRAI MS 79950-000,04410878000660
CIARAMA MAQUINAS LTDA,AV NICOLAU OTANO NUNES 1051,AMAMBAI MS 79990-000,04410878000237
CIARAMA MAQUINAS LTDA,R MARGARINO ALVES BRANDAO 509,LAGUNA CARAPA MS 79920-000,04410878000741
CIARAMA MAQUINAS LTDA,R AZIZ RASSELEN 695,DOURADOS MS 79822-059,04410878000822
CIARAMA MAQUINAS LTDA,ROD BR 463 KM 112 S/N,PONTA PORA MS 79904-976,04410878000156
CIARAMA MAQUINAS LTDA,ROD MS134 TRECHO N ANDRADINA/C VERDE 1057,CHAC 100 LT 2 SL 2 NOVA ANDRADINA MS 79750-000,04410878000580
CIARAMA MAQUINAS LTDA,RUA BENJAMIN CONSTANT 3043,RIO BRILHANTE MS 79130-000,04410878000903
CIARAMA MAQUINAS LTDA,"ROD MS 384, KM 101 S/N",ESQ PROLONG ALADINO BERNAL BELA VISTA MS 79260-000,04410878000407
D CARVALHO COMERCIO DE MAQUINAS AGRICOLAS LTDA,AV ALAYDE FERRAZ DE ALMEIDA 364,PENAPOLIS SP 16300-000,74376401000349
D CARVALHO COMERCIO DE MAQUINAS AGRICOLAS LTDA,"ROD MARECHAL RONDON, KM 526",515M PISTA LESTE ARACATUBA SP 16018-805,74376401000187
D CARVALHO COMERCIO DE MAQUINAS AGRICOLAS LTDA,RUA ALCIDES RIBEIRO DA CRUZ 91-12,AURIFLAMA SP 15350-000,74376401000420
D CARVALHO COMERCIO DE MAQUINAS AGRICOLAS LTDA,RUA GILDASIO COUTO 1376,ANDRADINA SP 16901-882,74376401000268
D CARVALHO COMERCIO DE MAQUINAS AGRICOLAS LTDA,V MG JOSE DANSIERI 745,DRACENA SP 17900-000,74376401000691
D CARVALHO COMERCIO DE MAQUINAS AGRICOLAS LTDA,AV JOAQUIM CONSTANTINO 3285,PRESIDENTE PRUDENTE SP 19063-008,74376401000500
HOHL MAQUINAS AGRICOLAS LTDA,ROD MARGEM DA ROD BR 153 GLEBA 1B,URUACU GO 76400-000,01608488001250
HOHL MAQUINAS AGRICOLAS LTDA,ROD GO-164 S/N,NOVA CRIXAS GO 76520-000,01608488001845
HOHL MAQUINAS AGRICOLAS LTDA,ROD GO-070 C/ GO-522 S/N,ITABERAI GO 76630-000,01608488001683
HOHL MAQUINAS AGRICOLAS LTDA,ROD BR 070 ESQ AV HELIODORO BARROS 299,"QD 01, LT 16/17 JUSSARA GO 76270-000",01608488001330
HOHL MAQUINAS AGRICOLAS LTDA,"R DOS MISSIONARIOS, QD 17B, LT 11/19 81",GOIANIA GO 74430-360,01608488000954
HOHL MAQUINAS AGRICOLAS LTDA,"ROD GO 330, KM 82, CX P 02 S/N",VIANOPOLIS GO 75260-000,01608488001411
HOHL MAQUINAS AGRICOLAS LTDA,"RUA RIO BRANCO, AREA 2 129",ACREUNA GO 75960-000,01608488001179
HOHL MAQUINAS AGRICOLAS LTDA,"ROD BR-158 C/ GO-060, KM 85 S/N",Piranhas GO 76230-000,01608488001500
IGUACU MAQUINAS AGRICOLAS LTDA,"AV SENADOR ATTILIO FONTANA, LOJA 4000",CAMPO VERDE MT 78840-000,33656729000501
IGUACU MAQUINAS AGRICOLAS LTDA,RODOVIA MT 130 KM 05 A DIREITA S/N,LOTE FAZENDA BOA VISTA PRIMAVERA DO LESTE MT 78850-000,33656729000250
IGUACU MAQUINAS AGRICOLAS LTDA,RODOVIA BR 163 KM 119 S/N,RONDONÓPOLIS MT 78746-055,33656729000170
IGUACU MAQUINAS AGRICOLAS LTDA,"ROD MT 130, LOTE 01 QUADRA 26 S/N",PARANATINGA MT 78870-000,33656729001737
IGUACU MAQUINAS AGRICOLAS LTDA,"AV 15 DE NOVEMBRO, SETOR INDUSTRIAL 1335",PARANATINGA MT 78870-000,33656729001656
IGUACU MAQUINAS AGRICOLAS LTDA,"AVE JOAO LEITE SCHMIDT, LOJA 1317",SONORA MS 79415-000,33656729001060
IGUACU MAQUINAS AGRICOLAS LTDA,"AV SETE DE SETEMBRO, LOJA 437",ALTO GARCAS MT 78770-000,33656729001141
IGUACU MAQUINAS AGRICOLAS LTDA,R IPE LESTE 1133,CHAPADAO DO CEU GO 75828-000,33656729001303
IGUACU MAQUINAS AGRICOLAS LTDA,"AV GOIAS, ANEXO A LOTE 0001 4050",QUADRA 0007 JATAI GO 75802-201,33656729002466
IGUACU MAQUINAS AGRICOLAS LTDA,"R BRASIL LESTE, SALA B/1 1031",CHAPADAO DO SUL MS 79560-000,33656729001494
IGUACU MAQUINAS AGRICOLAS LTDA,R OLIVERIO OLIVIO DE OLIVEIRA 43,"ANEXO A, MONTIVIDIU GO 75915-000",33656729002385
IGUACU MAQUINAS AGRICOLAS LTDA,"R BV 16, ANEXO A LOTE B 1215",RIO VERDE GO 75910-592,33656729002202
IGUACU MAQUINAS AGRICOLAS LTDA,"AV RANULPHO MARQUES LEAL, SL A/1 2923",TRES LAGOAS MS 79610-100,33656729001575
TRACBEL AGRO NOROESTE COMERCIO DE MAQUINAS AGRICOLAS LTDA,R AUREO FERNANDES FARIA 1855,JALES SP 15708-000,09507371000309
TRACBEL AGRO NOROESTE COMERCIO DE MAQUINAS AGRICOLAS LTDA,AV NASSER MARAO 6007,VOTUPORANGA SP 15504-000,09507371000481
TRACBEL AGRO NOROESTE COMERCIO DE MAQUINAS AGRICOLAS LTDA,AVENIDA ALFREDO FOLCHINI 660,SAO JOSE DO RIO PRETO SP 15081-500,09507371000139
TRACBEL AGRO NOROESTE COMERCIO DE MAQUINAS AGRICOLAS LTDA,"ROD COMANDANTE JOAO RIBEIRO DE BARROS, KM 253 C/250MT S/N",TUPA SP 17604-830,09507371000562
TRACBEL AGRO NOROESTE COMERCIO DE MAQUINAS AGRICOLAS LTDA,RUA BARAUNAS 151,CATANDUVA SP 15812-100,09507371000210
TRACBEL AGRO NOROESTE COMERCIO DE MAQUINAS AGRICOLAS LTDA,AV EUGENIO CONEGLIAN 2520,MARILIA SP 17512-050,09507371000643
SLC MAQUINAS LTDA,ROD BR 153 200,ERECHIM RS 99704-190,90055054001380
SLC MAQUINAS LTDA,"ROD RS-153, KM 01 320",PASSO FUNDO RS 99034-600,90055054001704
SLC MAQUINAS LTDA,R DINNY RIGUETO GERHARDT 90,CARAZINHO RS 99500-000,90055054002000
SLC MAQUINAS LTDA,"EST BR 285, SETOR B 5500",LAGOA VERMELHA RS 95300-000,90055054002190
SLC MAQUINAS LTDA,AV INDEPENDENCIA 10,PALMEIRA DAS MISSOES RS 98300-000,90055054001038
SLC MAQUINAS LTDA,ROD RS 324 SN,CASCA RS 99260-000,90055054001623
SLC MAQUINAS LTDA,"RUA DUQUE DE CAXIAS, LOJA 02 636",FREDERICO WESTPHALEN RS 98400-000,90055054001208
SLC MAQUINAS LTDA,AV OSVALDO JULIO WELANG 292,ESPUMOSO RS 99400-000,90055054001461
SLC MAQUINAS LTDA,"AV MILITAR, SETOR B 6987",VACARIA RS 95214-356,90055054003243
SLC MAQUINAS LTDA,"ROD BR 158, KM 195 1000",CRUZ ALTA RS 98040-605,90055054000147
SLC MAQUINAS LTDA,"ROD BR 285, KM 458 500",IJUI RS 98700-000,90055054000651
SLC MAQUINAS LTDA,"ROD ERS-122, KM 1.5, ANDAR 02 7520",CAXIAS DO SUL RS 95043-730,90055054002514
SLC MAQUINAS LTDA,R DAHNE DE ABREU 1152,HORIZONTINA RS 98920-000,90055054000732
SLC MAQUINAS LTDA,EST BR 386 2139,LAJEADO RS 95913-176,90055054003081
SLC MAQUINAS LTDA,EST RS 344 7452,SANTO ANGELO RS 98804-745,90055054000570
SLC MAQUINAS LTDA,AV PRESIDENTE GETULIO VARGAS 434,TUPANCIRETA RS 98170-000,90055054000902
SLC MAQUINAS LTDA,"ROD BR 158, KM268 931",JULIO DE CASTILHOS RS 98130-000,90055054003162
LAVRONORTE MAQUINAS LTDA,AV RIO PARNAIBA 1425,ALTO PARNAIBA MA 65810-000,05283031000544
LAVRONORTE MAQUINAS LTDA,"ROD TO 020, LOTE A S/N",CAMPOS LINDOS TO 77777-000,05283031000625
LAVRONORTE MAQUINAS LTDA,"AVE GOVERNADOR LUIZ ROCHA, LT 02 47",BALSAS MA 65800-000,05283031000110
LAVRONORTE MAQUINAS LTDA,ROD BR-010 175,IMPERATRIZ MA 65903-140,05283031000706
LAVRONORTE MAQUINAS LTDA,AV MARECHAL CASTELO BRANCO 3788,"QD 163, LT 10 SANTA INES MA 65306-000",05283031000897
LAVRONORTE MAQUINAS LTDA,"ROD MA 230, QUADRA 29 331",CHAPADINHA MA 65500-000,05283031000978
M.A. MAQUINAS AGRICOLAS LTDA,AV MARIPA 3612,MARECHAL CANDIDO RONDON PR 85960-000,01092817001090
M.A. MÁQUINAS AGRÍCOLAS LTDA,AV MINISTRO CIRNE LIMA 4291,TOLEDO PR 85904-460,01092817001171
M.A. MAQUINAS AGRICOLAS LTDA,"RUA 1 DE MAIO, CONJUNTO 2 001023",PALOTINA PR 85950-000,01092817000280
M.A. MAQUINAS AGRICOLAS LTDA,AV LONDRINA 362,JARDIM PARANA ASSIS CHATEAUBRIAND PR 85938-174,01092817000523
M.A. MAQUINAS AGRICOLAS LTDA,"ROD BR-277, KM 599 SOBRELOJA S/N",CASCAVEL PR 85804-600,01092817000108
M.A. MAQUINAS AGRICOLAS LTDA,AV 24 DE OUTUBRO 110,MEDIANEIRA PR 85884-000,01092817000361
M.A. MAQUINAS AGRICOLAS LTDA,AV DOS PIONEIROS 666,UBIRATA PR 85440-000,01092817000795
M.A. MAQUINAS AGRICOLAS LTDA,AV SANTOS DUMONT 1100,GOIOERE PR 87360-000,01092817000876
M.A. MAQUINAS AGRICOLAS LTDA.,RUA JAMIL HELU 1761,UMUARAMA PR 87507-015,01092817000604
M.A. MAQUINAS AGRICOLAS LTDA,AV PARAIBA 1550,CIANORTE PR 87209-128,01092817001252
M.A. MAQUINAS AGRICOLAS LTDA,"ROD BR 487, KM 194 S/N",CAMPO MOURAO PR 87301-450,01092817000957
MACPONTA MAQUINAS AGRICOLAS LTDA,RUA EDUARDO VAN DER LAARS S/N,BAIRRO NHAPINDAZAL IRATI PR 84500-536,00702079000364
MACPONTA MAQUINAS AGRICOLAS LTDA,R 12 DE OUTUBRO 21,PRUDENTOPOLIS PR 84400-000,00702079000607
MACPONTA MAQUINAS AGRICOLAS LTDA,AV SEN FLAVIO CARVALHO GUIMARAES 2100,"CX.P. 1666, PONTA GROSSA PR 84072-190",00702079000100
MACPONTA MAQUINAS AGRICOLAS LTDA,ROD BR 277 S/N,GUARAPUAVA PR 85031-350,00702079000526
MACPONTA MAQUINAS AGRICOLAS LTDA,RUA PREF RONIE CARDOSO 800,CASTRO PR 84174-105,00702079000283
MACPONTA MAQUINAS AGRICOLAS LTDA,AV MANOEL DAS DORES 891,TIBAGI PR 84300-000,09399077000150
MACPONTA MAQUINAS AGRICOLAS LTDA,ROD PARIGOT DE SOUZA PR 092 KM 231 S/N,ARAPOTI PR 84990-000,00702079000445
MACPONTA MAQUINAS AGRICOLAS LTDA,"AV IPE 1495, LOJA",QUEDAS DO IGUACU PR 85460-000,00702079000798
MAQCAMPO SOLUCOES AGRICOLAS S/A,"ROD BR 040, KM 94. CXA P 125 S/N",CRISTALINA GO 73850-000,00970771000454
MAQCAMPO SOLUCOES AGRICOLAS S/A,"ROD FREI JORGE, NORTE 7320",UNAI MG 38618-001,00970771000535
MAQCAMPO SOLUCOES AGRICOLAS S/A,"ROD BR 040, PROXIMO AO KM 44 1891",PARACATU MG 38600-001,00970771000705
MAQCAMPO SOLUCOES AGRICOLAS S/A,"ROD INCRA 9, NUCLEO RURAL ALEXANDRE GUSMAO KM 19","RODOVIA BR-070, LOTE S/N BRASILIA DF 72276-010",00970771000373
MAQCAMPO SOLUCOES AGRICOLAS S/A,"ROD BR 251, KM 7, SN S/N",BRASILIA DF 70275-970,00970771001930
MAQCAMPO SOLUCOES AGRICOLAS S/A,RUA RUA 34 QD 63 LOTES 13 E 15 S/N,FORMOSA GO 73814-195,00970771000616
MAQCAMPO SOLUCOES AGRICOLAS S/A,ROD MG-400 SN,LOTE 18-A QUADRA110 BURITIS MG 38660-000,00970771001000
MAQCAMPO SOLUCOES AGRICOLAS S/A,"ROD BR080, N0, KM44 QD 0 LT 01, SETOR SUL II AREA ESPECIAL",PADRE BERNARDO GO 73700-000,00970771000969
MAQCAMPO SOLUCOES AGRICOLAS S.A.,"ROD GO 237, SENTIDO NIQUELANDIA/URUACU S/N",44 KM A ESQUERDA 9 KM NIQUELANDIA GO 76420-000,00970771002406
MAQCAMPO SOLUCOES AGRICOLAS S/A,ROD BR 153 KM 677 S/N,GURUPI TO 77402-970,00970771001507
MAQCAMPO SOLUCOES AGRICOLAS S/A,"ROD BR 010, QUADRA PART. LOTE 0021 S/N",SETOR FISCAL 05 SILVANÓPOLIS TO 77580-000,00970771002236
MAQCAMPO SOLUCOES AGRICOLAS S/A,"LOT CANA BRAVA, GLEBA 1, RODOVIA TO 225 S/N","CHACARA LTM, LT 0, QD 0 LAGOA DA CONFUSAO TO 77493-000",00970771001264
MAQCAMPO SOLUCOES AGRICOLAS S/A,"ROD ANEL VIARIO, QD 08 LT 02 QD 09 S/N",LT 2 UNIF LT 01 A 07 PORTO NACIONAL TO 77500-000,00970771001183
MAQCAMPO SOLUCOES AGRICOLAS S/A,"Q QD 212 SUL, RUA SR 15 22","LT 12-A, BOX 01, 02 PALMAS TO 77020-620",00970771001426
MAQCAMPO SOLUCOES AGRICOLAS S/A,"ROD BR 153, KM 472, LOTE 156 S/N","EDIF A, PARAISO DO TOCANTINS TO 77600-000",00970771001698
MAQCAMPO SOLUCOES AGRICOLAS S/A,"10AV SIMEAO ALVES, QD 5 1",MARIANOPOLIS DO TOCANTINS TO 77675-000,00970771002074
MAQCAMPO SOLUCOES AGRICOLAS S/A,AV BERNARDO SAYAO 102,"LT 01 A 14, QD 26 GUARAI TO 77700-000",00970771001779
MAQCAMPO SOLUCOES AGRICOLAS S/A,"ROD BR 153 NORTE, CHACARA 28-B S/N",(ENTRONCAMENTO) ARAGUAINA TO 77816-390,00970771001345
MAQNELSON AGRICOLA LTDA,PC PRESIDENTE JUSCELINO KUBITSCHEK 1001,ARAGUARI MG 38441-076,07791111000293
MAQNELSON AGRICOLA LTDA,AV PAULO ROBERTO CUNHA SANTOS 02505,UBERLANDIA MG 38401-117,07791111000102
MAQNELSON AGRICOLA LTDA,"AV SILVIO BUENO DE MORAIS,ESQUINA COM A 2311",AV JOSE MARCELINO DA CATALAO GO 75710-015,07791111000617
MAQNELSON AGRICOLA LTDA,AVE MODESTO DE CARVALHO 1880,ITUMBIARA GO 75533-020,07791111000706
MAQNELSON AGRICOLA LTDA,AVENIDA JOSE CROZARA 1250,UBERABA MG 38046-368,07791111000960
MAQNELSON AGRICOLA LTDA,AV FARIA PEREIRA 47,PATROCINIO MG 38744-880,07791111000455
MAQNELSON AGRICOLA LTDA,AV TANCREDO NEVES 08,ITUIUTABA MG 38301-030,07791111001184
MAQNELSON AGRICOLA LTDA,AVE AMAZONAS 70,GOIATUBA GO 75600-000,07791111000889
MAQNELSON AGRICOLA LTDA,AV PRESIDENTE JUSCELINO KUBITSCHEK 1245,PROGRESSO FRUTAL MG 38204-294,07791111000536
MAQNELSON AGRICOLA LTDA,AV JUSCELINO KUBITSCHEK OLIVEIRA 01615,PATOS DE MINAS MG 38706-002,07791111000374
MAQNELSON AGRICOLA LTDA,"VIA LEOCADIO DE SOUZA REIS KM 01, ESQ 25 DEZEMBRO S/N",QUIRINOPOLIS GO 75860-000,07791111001001
MAQNELSON AGRICOLA LTDA,R JOSE BERNARDES FILHO 1445,SAO GOTARDO MG 38800-000,07791111001265
MINAS VERDE MAQUINAS LTDA,"ROD FERNAO DIAS, BR 381, KM754 SN",TRES CORACOES MG 37418-760,02541934001138
MINAS VERDE MAQUINAS LTDA,"ROD FERNAO DIAS, KM 748/400 S/N",TRÊS CORAÇÕES MG 37418-760,02541934001995
MINAS VERDE MAQUINAS LTDA,ROD BR 265 980,LAVRAS MG 37200-000,02541934000832
MINAS VERDE MAQUINAS LTDA,ROD BR 369 734,BOA ESPERANCA MG 37170-000,02541934001642
MINAS VERDE MAQUINAS LTDA,AV MARIO BARBOSA VIEIRA 1212,LT 02 03 04 P/ 06 07 08 ALFENAS MG 37132-442,02541934001723
MINAS VERDE MAQUINAS LTDA,AVENIDA PINTO COBRA 1100,POUSO ALEGRE MG 37550-000,02541934001308
MINAS VERDE MAQUINAS LTDA,AV MIGUEL RESENDE 929,OLIVEIRA MG 35540-000,02541934001804
MINAS VERDE MAQUINAS LTDA,AV DOMINGOS PINTO CAMARANO 479,SAO JOAO DEL REI MG 36302-004,02541934001057
MINAS VERDE MAQUINAS LTDA,AV PROJETADA 2400,ARCOS MG 35588-000,02541934001561
MINAS VERDE MAQUINAS LTDA,RODOVIA MG 050 500,PASSOS MG 37901-300,02541934001219
NAPALHA COMERCIO E REPRESENTACOES LTDA,"RODOVIA BR 470, KM 140 6058",RIO DO SUL SC 89160-001,00672226000309
NAPALHA COMERCIO E REPRESENTACOES LTDA,"ROD SC 114, KM 303 9 LADO ESQUERDO S/N",SAO JOAQUIM SC 88600-000,00672226000481
NAPALHA COMERCIO E REPRESENTACOES LTDA,ROD SC 453 KM 29 S/N,FRAIBURGO SC 89580-000,00672226000210
NAPALHA COMERCIO E REPRESENTACOES LTDA,"RODOVIA BR 282, KM 337,5 512",CAMPOS NOVOS SC 89620-000,00672226000139
NISSEY MAQUINAS AGRICOLAS LTDA,"RODOVIA BR 174, KM 222 S/N",SENTIDO PORTO ESPERIDIAO PONTES E LACERDA MT 78250-000,07527707000280
NISSEY MAQUINAS AGRICOLAS LTDA,ROD BR 070 1239,CACERES MT 78206-862,07527707000604
NISSEY MAQUINAS AGRICOLAS LTDA,AVENIDA CELSO MAZUTTI 7403,"QUADRA 79, LOTE 02A VILHENA RO 76987-487",07527707000108
NISSEY MAQUINAS AGRICOLAS LTDA,AV JK 4249,JUINA MT 78320-000,07527707000795
NISSEY MAQUINAS AGRICOLAS LTDA,ROD RO 010 1888,ROLIM DE MOURA RO 76940-000,07527707000361
NISSEY MAQUINAS AGRICOLAS LTDA,"ROD BR 364, ANEXO GLEBA 04 7660",ARIQUEMES RO 76870-202,07527707000442
NISSEY MAQUINAS AGRICOLAS LTDA,RODOVIA BR 364 KM 03 7935,RIO BRANCO AC 69909-040,07527707000523
NORTH GREEN COMERCIO DE MAQUINAS LTDA,RUA PARQUE INDUSTRIAL 1713,BOA VISTA RR 69315-218,07462805000104
SLC MAQUINAS LTDA,AV DAS INDUSTRIAS 1500,ELDORADO DO SUL RS 92990-000,90055054002867
SLC MAQUINAS LTDA,AV TELMO SESSIM 675,CAPIVARI DO SUL RS 95552-000,90055054002352
SLC MAQUINAS LTDA,ESTRADA BR 392 - KM 01 2425,SANTA MARIA RS 97070-185,90055054002786
RZK AGRO LTDA,AV RIO GRANDE DO SUL 1120,CANARANA MT 78640-000,07685671000263
RZK AGRO LTDA,"RUA 1, QD 10 LTE 01 2721",AGUA BOA MT 78635-000,07685671000778
RZK AGRO LTDA,"AV SUL, QUADRA 02, PARTE DO LOTE 01 S/N",QUERENCIA MT 78643-000,07685671000182
RZK AGRO LTDA,"RUA GOIAS, CHACARA 53 S/N",GAUCHA DO NORTE MT 78875-000,07685671000506
RZK AGRO LTDA,"ROD MT 322, KM102 + 3,2 KM ESQUERDA SN",SAO FELIX DO ARAGUAIA MT 78670-000,07685671000697
RZK AGRO LTDA,"AV GOV JAIME CAMPOS, QD 108, LT 14, 15, 16 E 17 SN",BARRA DO GARCAS MT 78600-000,07685671000344
RZK AGRO LTDA,"AV MAURO PIRES GOMES, 74",SAO JOSE DO XINGU MT 78663-000,07685671001316
RZK AGRO LTDA,CH 23 C S/N,PORTO ALEGRE DO NORTE MT 78655-000,07685671000425
RZK AGRO LTDA,"ROD GO 221, KM 01 A DIREITA 01 KM, SALA 2 S/N",CAIAPONIA GO 75850-000,07685671001073
RZK AGRO LTDA,ROD GO 220 KM 41 A DIREITA SALA 2 S/N,CAIAPONIA GO 75850-000,07685671001235
RZK AGRO LTDA,"ROD BR 158, LOTE RURAL B SN",VILA RICA MT 78645-000,07685671000859
RZK AGRO LTDA,"AV INO RESENDE, QD 09, LT 15, SALA 2 S/N",MINEIROS GO 75834-290,07685671000930
RZK AGRO LTDA,AV ANGELICA SALA 2 1230,ALTO TAQUARI MT 78785-000,07685671001154
TECNOSAFRA SISTEMAS MECANIZADOS LTDA,RUA INES CAVAGNOLLI RIBEIRO 142,XANXERE SC 89820-000,08753605000408
TECNOSAFRA SISTEMAS MECANIZADOS LTDA,ROD SC 155 3900,ABELARDO LUZ SC 89830-000,08753605000599
TECNOSAFRA SISTEMAS MECANIZADOS LTDA,RUA INES BATTISTON 155 - E,CHAPECO SC 89805-292,08753605000165
TECNOSAFRA SIST MECANIZADOS LTDA,RUA TANCREDO DE ALMEIDA NEVES 6960,CONCORDIA SC 89711-880,08753605000670
TECNOSAFRA SISTEMAS MECANIZADOS LTDA,ROD SC 160 2557,CAMPO ERE SC 89980-000,08753605000327
TECNOSAFRA SISTEMAS MECANIZADOS LTDA,RUA WILLY BARTH 1805,SAO MIGUEL DO OESTE SC 89900-000,08753605000246
TERRAVERDE MAQUINAS AGRICOLAS LTDA,"RODOVIA SP 340, KM 237 SN","+ 300 METROS, SALA 1 CASA BRANCA SP 13700-000",09282594000145
TERRAVERDE MAQUINAS AGRICOLAS LTDA,"ROD GOVERNADOR DOUTOR ADHEMAR PEREIRA DE BARROS, KM 161 S/N",MOGI MIRIM SP 13805-280,09282594000307
TERRAVERDE MAQUINAS AGRICOLAS LTDA,"ROD ANHANGUERA, KM 163, SP 330 SN",ARARAS SP 13602-040,09282594000730
TERRAVERDE MAQUINAS AGRICOLAS LTDA,"AV DR ALEXANDRE GUIMARAES DOS SANTOS, JARDIM RESI 200",SALA 04 PIRACICABA SP 13423-190,09282594001117
TERRAVERDE MAQUINAS AGRICOLAS LTDA,"AV ALBERTO DINIZ, SL 1 555",BRAGANCA PAULISTA SP 12902-360,09282594001206
TERRAVERDE MAQUINAS AGRICOLAS LTDA,"AV DEPUTADO ZIEN NASSIF, 1868","BRCAO 1 N1868, BRCAO 2 N 1900 JAU SP 17204-212",09282594000226
TERRAVERDE MAQUINAS AGRICOLAS LTDA,AV PAPA JOAO PAULO II 810,LENCOIS PAULISTA SP 18681-111,09282594000650
TERRAVERDE MAQUINAS AGRICOLAS LTDA,AV BANDEIRANTES W-6510,TAUBATE SP 12070-100,09282594001036
UNIMAQ MAQUINAS AGRICOLAS LTDA,"RODOVIA RAPOSO TAVARES, KM 443 S/N",ASSIS SP 19812-010,07758693000125
UNIMAQ MAQUINAS AGRICOLAS LTDA,"RODOVIA RAPOSO TAVARES, KM 378 S/N",OURINHOS SP 19915-000,07758693000206
UNIMAQ MAQUINAS AGRICOLAS LTDA,"ROD EDUARDO SAIGH, KM 320 + 200m S/N",TAQUARITUBA SP 18740-000,07758693000478
UNIMAQ MAQUINAS AGRICOLAS LTDA,RUA VIENA 130,AVARE SP 18707-460,07758693000397
UNIMAQ MAQUINAS AGRICOLAS LTDA,AV DAS POSSES 332,PARANAPANEMA SP 18725-000,07758693000559
UNIMAQ MAQUINAS AGRICOLAS LTDA,AV EXPEDICIONARIOS DE ITAPEVA 1610,ITAPEVA SP 18409-640,07758693000800
UNIMAQ MAQUINAS AGRICOLAS LTDA,R JOSE DE ALMEIDA CARVALHO 2601,ITAPETININGA SP 18213-145,07758693000710
UNIMAQ MAQUINAS AGRICOLAS LTDA,R JOSE BAPTISTA 104,PIEDADE SP 18170-000,07758693000630
UNIMAQ MAQUINAS AGRICOLAS LTDA,AV MARGINAL CASTELO BRANCO 7094,REGISTRO SP 11900-000,07758693000982
VENEZA MAQUINAS COMERCIO LTDA,"AVENIDA MARECHAL MASCARENHAS DE MORAES, 2778",RECIFE PE 51200-000,06824439000115
VENEZA MAQUINAS COMERCIO LTDA,ROD BR 101  S/N,BAYEUX PB 58305-000,06824439000204
VENEZA MAQUINAS COMERCIO LTDA,ROD BR 116 2656,FORTALEZA CE 60850-012,06824439000468
VENEZA MAQUINAS COMERCIO LTDA,"ROD BR 122, KM 6 S/N",PETROLINA PE 56320-700,06824439000549
VENEZA MAQUINAS COMERCIO LTDA,AV PRESIDENTE DUTRA 1320 A,FEIRA DE SANTANA BA 44075-516,06824439000700
VENEZA MAQUINAS COMERCIO LTDA,"R DOUTOR ALTINO TEIXEIRA, SALA 1 777",SALVADOR BA 41233-010,06824439000620
PEMAGRI PECAS E MAQUINAS AGRICOLAS LTDA,AV DURVAL DE GOIS MONTEIRO 2450,MACEIÓ AL 57082-160,08489098000102
PEMAGRI PECAS E MAQUINAS AGRICOLAS LTDA,ROD BR 101 KM 92 214,NOSSA SENHORA DO SOCORRO SE 49160-000,08489098000285
MENEGARO COMERCIAL AGRICOLA LTDA,"ROD SC 370, KM 170 S/N",GRAVATAL SC 88735-000,04658834000220
MENEGARO COMERCIAL AGRICOLA LTDA,RUA ANTONIO BEZ BATTI 475,TURVO SC 88930-000,04658834000140
INOVA EQUIPAMENTOS LTDA,ANEL DR MARIO TOURINHO 1100A,MONTES CLAROS MG 39403-000,08673321000169
INOVA EQUIPAMENTOS LTDA,AV EDILSON BRANDAO GUIMARAES 3072,JANAUBA MG 39440-001,08673321000754
INOVA EQUIPAMENTOS LTDA,"ROD MG 164, KM 1 891",POMPEU MG 35640-000,08673321001050
INOVA EQUIPAMENTOS LTDA,AV RIO BAHIA 1121,GOVERNADOR VALADARES MG 35044-000,08673321000320
INOVA EQUIPAMENTOS LTDA,V EXPRESSA DE CONTAGEM 2500,CONTAGEM MG 32070-485,08673321000673
INOVA EQUIPAMENTOS LTDA,AV MINAS GERAIS 696,ALFREDO VASCONCELOS MG 36272-000,08673321001211
INOVA EQUIPAMENTOS LTDA,ROD BR 101 281,TANGUA RJ 24890-000,08673321001130
LIPETRAL LINHARES PECAS E TRATORES  LTDA,"AV NOVA VITORIA,  LOJA 01 2234",VENDA NOVA DO IMIGRANTE ES 29375-000,27733195000305
LIPETRAL LINHARES PECAS E TRATORES  LTDA,"AV SAMUEL BATISTA CRUZ, PREF 11286",LINHARES ES 29909-010,27733195000135
LIPETRAL LINHARES PECAS E TRATORES  LTDA,"RODOVIA BR 101, KM 869 S/N",TEIXEIRA DE FREITAS BA 45995-970,27733195000216
LIPETRAL LINHARES PECAS E TRATORES LTDA,AV DAVID JONAS FADINI 1800,EUNAPOLIS BA 45823-431,27733195000488
TRACBEL AGRO COMERCIO DE MAQUINAS AGRICOLAS LTDA,AV WILSON SABIO DE MELLO 2261,FRANCA SP 14406-052,03258870001125
TRACBEL AGRO COMERCIO DE MAQUINAS AGRICOLAS LTDA,AVENIDA DR PAULO BORGES DE OLIVEIRA 1086,ITUVERAVA SP 14500-000,03258870000587
TRACBEL AGRO COMERCIO DE MAQUINAS AGRICOLAS LTDA,AV MARGINAL ESQUERDA 925,ORLANDIA SP 14620-000,03258870000749
TRACBEL AGRO COMERCIO DE MAQUINAS AGRICOLAS LTDA,R MARIO FERREIRA DE ANDRADE 500,RIBEIRAO PRETO SP 14078-583,03258870000153
TRACBEL AGRO COMERCIO DE MAQUINAS AGRICOLAS LTDA,AVENIDA JOSE QUINTINO DOS SANTOS 229,GUAIRA SP 14790-000,03258870000404
TRACBEL AGRO COMERCIO DE MAQUINAS AGRICOLAS LTDA,AV MARA CELY ROCHA PEREIRA 952,BEBEDOURO SP 14710-003,03258870000900
TRACBEL AGRO COMERCIO DE MAQUINAS AGRICOLAS LTDA,AV ENG NECKER CARVALHO DE CAMARGO 2380,BARRETOS SP 14783-080,03258870000315
TRACBEL AGRO COMERCIO DE MAQUINAS AGRICOLAS LTDA,AV MARGINAL ITALO LANFREDI 101,MONTE ALTO SP 15910-000,03258870001044
TRACBEL AGRO COMERCIO DE MAQUINAS AGRICOLAS LTDA,AVENIDA ALBERTO BENASSI 3070,ARARAQUARA SP 14804-300,03258870000234
TRACBEL AGRO COMERCIO DE MAQUINAS AGRICOLAS LTDA,R BARAUNAS 151,CATANDUVA SP 15812-100,03258870001478
TRACBEL AGRO COMERCIO DE MAQUINAS AGRICOLAS LTDA,RUA RIO DE JANEIRO 520,ITAPOLIS SP 14900-000,03258870001206
TRACBEL AGRO COMÉRCIO DE MÁQUINAS AGRÍCOLAS LTDA,AV ALFREDO FOLCHINI 660,SAO JOSE DO RIO PRETO SP 15081-500,03258870001397
TRACBEL AGRO COMERCIO DE MAQUINAS AGRICOLAS LTDA,AV NASSER MARAO 6007,VOTUPORANGA SP 15504-000,03258870001630
TRACBEL AGRO COMERCIO DE MAQUINAS AGRICOLAS LTDA,AV EUGENIO CONEGLIAN 2520,MARILIA SP 17512-050,03258870001800
TRACBEL AGRO COMERCIO DE MAQUINAS AGRICOLAS LTDA,R AUREO FERNANDES DE FARIA 1855,JALES SP 15708-000,03258870001559
TRACBEL AGRO COMERCIO DE MAQUINAS AGRICOLAS LTDA,ROD COMANDANTE JOAO RIBEIRO DE BARROS 0,KM 523 C/ 250 MT TUPA SP 17604-830,03258870001710
GLOBAL TRATORES LTDA,"ROD BR 476 KM 20,5 6560",ARAUCARIA PR 83703-335,01652818000151
GLOBAL TRATORES LTDA,ROD RODOVIA DO XISTO BR 476 2230,LAPA PR 83752-340,01652818000313
GLOBAL TRATORES LTDA,RUA RODOLFO WOLF 550,SAO MATEUS DO SUL PR 83900-000,01652818000232
COCAMAR MAQUINAS AGRICOLAS LTDA,"ROD BR-376, SALA 01 6829",APUCARANA PR 86813-240,02213491000850
COCAMAR MAQUINAS AGRICOLAS LTDA,"ROD CELSO GARCIA CID, KM 87, LT A1 234 REM02A S/N",SALA 1 CAMBE PR 86187-000,02213491001075
COCAMAR MAQUINAS AGRICOLAS LTDA,"AV JOSE EUGENIO IRINEU, ANEXO SALA 3 S/N",SAO PEDRO DO IVAI PR 86945-000,02213491000346
COCAMAR MAQUINAS AGRICOLAS LTDA,ROD PR 317 390,MARINGA PR 87065-000,02213491000184
COCAMAR MAQUINAS AGRICOLAS LTDA,"AV ITALIA, SALA 01 810",IVAIPORA PR 86870-000,02213491000931
COCAMAR MAQUINAS AGRICOLAS LTDA,"R JOSE FERREIRA CASTILHO, SL 1 LT 20H-1A 1001",SAO JORGE DO IVAI PR 87190-000,02213491000699
COCAMAR MAQUINAS AGRICOLAS LTDA,"AV GETULIO VARGAS, SALA 01 453",CORNELIO PROCOPIO PR 86300-000,02213491000770
COCAMAR MAQUINAS AGRICOLAS LTDA,"ROD BR 376, CONJ JD MORADA DO SOL 4805",PARANAVAI PR 87720-140,02213491000265
COCAMAR MAQUINAS AGRICOLAS LTDA,"AV BRASIL, LOTE 04, QUADRA 17 550",ANDIRA PR 86380-000,02213491001237
COCAMAR MAQUINAS AGRICOLAS LTDA,ROD. BR 153 - TRANSBRASILIANA 1475,BARRACÃO 03 SANTO ANTONIO DA PLATINA PR 86430-000,02213491001318
COCAMAR MAQUINAS AGRICOLAS LTDA,"AV AVENIDA PORTO ALEGRE, SALA 02 150 B",QUERENCIA DO NORTE PR 87930-000,02213491000508
TRANORTE SISTEMAS MECANIZADOS LTDA,"RODOVIA BR 280, KM 55 11394",GUARAMIRIM SC 89270-000,04308019000312
TRANORTE SISTEMAS MECANIZADOS LTDA,AV PRESIDENTE NEREU RAMOS 548,MAFRA SC 89304-005,04308019000150
TRANORTE SISTEMAS MECANIZADOS LTDA,ROD BR 280 2207,CANOINHAS SC 89466-583,04308019000231
DELTA MAQUINAS LTDA,"AV MAX TEIXEIRA, FUNDOS 588",MANAUS AM 69058-415,04550434001007
