Dealer,Endereço 1,Endereço 2
AGRONORTE SRL,AV DE LAS AMERICAS 2081,OBERA N N3365CFC
AGRONORTE SRL,AV MOYO DIAZ INURITEGUI S/D,MERCEDES W W3470DXC
AGRONORTE SRL,Ruta Nacional 14 Km 329,CHAJARI E E3228BDS
AGRONORTE SRL,RUTA NAC 11 Y CALLE 21,"PORT ARTHUR, Avellaneda S S3561BNU"
AGRONORTE SRL,Ruta Nacional 14 KM 249,CONCORDIA E E3202IHF
AGRONORTE SRL,RUTA NACIONAL 12 KM 600,"DISTRITO ESTACAS, LA PAZ E E3190XAO"
AGRONORTE SRL,CALLE JORGE NEME 2553,SAN JUSTO S S3040DMO
AGRONORTE SRL,AVENIDA ALMAFUERTE 4089,PARANA E E3102LRK
AGRONORTE SRL,Ruta 34 km 385,Ceres S S2340ZAA
AGRONORTE SRL,"Ruta 1 km 11,5",Morteros X X2421EMA
AGRONORTE SRL,JUAN PABLO II 2089 BIS,ROSARIO S S2006IDX
AGRONORTE SRL,RUTA NAC. N 34 KM 57,Totoras S S2144CAA
AGRONORTE SRL,RUTA PROVINCIAL 13 905,CARLOS PELLEGRINI S S2453ATV
AGRONORTE SRL,AVENIDA A. y E. DICKINSON 496,LAS ROSAS S S2520ADR
AGRONORTE SRL,AVENIDA SANTA FE 281,CANADA DE GOMEZ S S2500HMC
RATTO HNOS. S.A.C.F.A.,"RUTA 7 KM 70,6",LUJAN B B6700AAA
RATTO HNOS. S.A.C.F.A.,Avenida 44 Nº 4548,"Esquina 186, Lisandro Olmos B B1901CSH"
RATTO HNOS. S.A.C.F.A.,"RUTA 8 KM 112,6",SAN ANTONIO DE ARECO BA B2760CHA
RATTO HNOS. S.A.C.F.A.,"RUTA NACIONAL N 5 KM 156,5",CHIVILCOY B B6620GKA
RATTO HNOS. S.A.C.F.A.,Ruta Nacional 205 Km 179,Saladillo B B7260EZA
RATTO HNOS. S.A.C.F.A.,"RUTA 51, KM. 59,6",ARRECIFES B B2740ZAA
RATTO HNOS. S.A.C.F.A.,RUTA 32 Y SAAVEDRA,Salto B B2741AHH
CHARITO S.R.L.,COMBAT DE MALVINAS 3245,Buenos Aires C C1427ARC
TURFMAX S.A.,Panama 3194,Munro B B1605EDB
CHAYE HERMANOS SRL,Ruta 29 Km 78,GENERAL BELGRANO B B7223HJA
FRANKLIN S. BOGLICH S.R.L.,CALLE E VENINI SUR 74,PERGAMINO B B2702GKL
FRANKLIN S. BOGLICH SRL,"RUTA PROVINCIAL 65, KM 79,5",JUNIN B B6000GVN
FRANKLIN S. BOGLICH S.R.L.,RUTA 18 KM 50,SANTA TERESA S S2111ZAA
BURANI GREEN SRL,Rioja 2287,Rosario S S2000OJA
BURANI GREEN SRL,Gaboto 2492,Rosario S S2003BBF
RURAL CERES SA,Jose Ingenieros 1255,TRES ARROYOS B B7500CWY
RURAL CERES SA,COLECTORA SUR 796,TANDIL B B7001NPP
RURAL CERES S.A.,"RUTA 228, KM. 1.4",NECOCHEA B B7630XAF
CHAYE HERMOSANOS SRL,Ruta 88 Km 29.2,Otamendi B B2802AOA
CHAYE HERMANOS S.R.L.,"RUTA 226 KM 62,5",BALCARCE B B7620EMA
Navarro S.A.,Acceso Carle 2491,DAIREAUX B B6555CEH
NAVARRO S.A.,RUTA 51 Y 85 - KM108,CORONEL PRINGLES B B7530DJI
NAVARRO S.A.,ARTURO ILLIA 1446,CORONEL SUAREZ B B7540EBI
Franklin Santiago Boglich SRL,Ruta Nacional 188 y Provincial 50,Lincoln B B6070XAA
NAVARRO S.A.,SARMIENTO 4114,BAHIA BLANCA B B8002HGJ
NAVARRO S.A.,"RUTA 3, KM 808,5",PEDRO LURO B B8148BMD
DIESEL LANGE S.R.L.,RUTA NRO 5 KM. 445,Trenque Lauquen B B6400GAA
DIESEL LANGE S.R.L.,Ruta 33 km 440 y ruta 188,GENERAL VILLEGAS B B6230ABF
DIESEL LANGE S.R.L.,RUTA 1 Y CALLE 24,GENERAL PICO L L6360DVM
FRANKLIN SANTIAGO BOGLICH S.R.L.,"AV. 51, 1280",VILLA CANAS SF S2607ASZ
RICARDO VENTURINO S.A.,"RUTA NACIONAL N 8, KM 362",VENADO TUERTO S S2600ELQ
DIESEL LANGE S.R.L.,"RUTA NACIONAL 7, KM 492",LABOULAYE X X6120FZB
DIESEL LANGE S.R.L.,Ruta 188 Km 479 Y Ruta 35,Realico LP L6200ZAA
DIESEL LANGE S.R.L.,Av Circunv Santiago Marzo 1429,SANTA ROSA L L6300GIA
DIESEL LANGE S.R.L.,Alberdi N 1.146,San Rafael M M5600HKZ
DIESEL LANGE S.R.L.,"RUTA NACIONAL 40, S/N Y LA ARGENTINA",TUNUYAN M M5560EVN
DIESEL LANGE S.R.L.,Carril Rodriguez Pena 2205,Godoy Cruz M M5501ETI
DIESEL LANGE S.R.L.,Ruta Nacional N° 40 intersección calle 8,POCITO J J5427XAB
CIA. MERCANTIL AGRICOLA E INDUSTRIAL SA,AVENIDA PARAGUAY 1899,SALTA A A4404FEJ
CIA. MERCANTIL AGRICOLA E INDUSTRIAL SA,SAN MARTIN 51,PERICO Y Y4610EIA
CIA. MERCANTIL AGRICOLA E INDUSTRIAL SA,Tucuman 263,Rosario de la Frontera A A4190CEC
CIA. MERCANTIL AGRICOLA E INDUSTRIAL SA,Complejo Comercial Las Lajitas Ruta,"Prov. N° 30 Y Ruta Prov.N° 5, Las Lajitas A A4450BXD"
CIA. MERCANTIL AGRÍCOLA E INDUSTRIAL SA,"SALTA, S/N","BARRIO LEDESMA, LIBERTADOR GENERAL SAN MARTIN Y Y4512XAT"
CIA. MERCANTIL AGRICOLA E INDUSTRIAL SA,Ruta Nac N 34 Km 1344,Embarcacion A A4550AQF
REMONDA CASTRO Y CIA SAC,"RUTA NAC. 34, KM. 152",SAN MARTIN DE LAS ESCOBAS S S2449ACA
REMONDA CASTRO Y CIA SAC,Ruta 80 acceso a Galvez,Galvez S S2252IDJ
REMONDA CASTRO Y CIA SAC,"AV ROSARIO DE SANTA FE, 425",SAN FRANCISCO X X2400EDX
REMONDA CASTRO Y CIA SAC,San Martín 2897,Franck S S3009BEI
REMONDA CASTRO Y CIA SAC,"LUIS FANTI, 1185",RAFAELA S S2300ECL
CONCI S.A.,Avenida Alberdi 1755,Pilar X X5972GTE
CONCI S.A.,Ruta Nacional 9 Km756,Sinsacate X X5221BBU
CONCI S.A.,JUAN B JUSTO 6500,CORDOBA X X5019HTW
CONCI S.A.,Av Congreso 407,SANTA ROSA DE RIO PRIMERO X X5133APB
CONCI SA,Bienvenido Eloy Fernandez Yanez 981,Arroyito X X2434FGT
ANDRES PARRA Y CIA. S.C.C.,CALLE DR MARIANO MORENO 302,P. ROQUE SAENZ PENA H H3700HPH
Andres Parra y Cia SCC,Ruta 95 km 1019,Villa Angela H H3540BRA
Andres Parra y Cia SCC,Autovia Nicolas Avellaneda,"Km 9,7, RESISTENCIA H H3502AWA"
ANDRES PARRA Y CIA S.A.,Ruta 34,La Banda SE G4300LLA
ZAFRA S.A.,"AV DEL BICENTENARIO, S/N",CONCEPCION T T4119XCD
ZAFRA S.A.,Lavalle 3005,San Miguel de Tucumán T T4000AZI
DAVID SARTOR E HIJOS S.A.,"RUTA PROVINCIAL 42 KM 1,2",BANDERA G G3064ALA
DAVID SARTOR E HIJOS S.A.,AVENIDA GRAL GUEMES 1515,CHARATA H H3730AND
SALINAS Y FABRES S.A.,Ruta 5 Sur,Paine 13 9540000
SALINAS Y FABRES S.A.,O´Higgins 801,San Fernando  3460000
SALINAS Y FABRES S.A.,"Ruta 5 Sur, 3402 Km 252",Talca  3460000
SALINAS Y FABRES S.A.,Ruta 5 sur KM. 408.7,Chillan Viejo  3820000
SALINAS Y FABRES S.A.,AV PEDRO STARK TRONCOSO 8920,"REGION BIOBIO, Los Angeles  4440000"
SALINAS Y FABRES S.A.,Camino al Aeropuerto s/n Padre Las Casas a 900 mts,"Ruta 5 Sur, Temuco  4780000"
SALINAS Y FABRES S.A.,"Ruta 5 Sur Km 916, sector Pilauco",Osorno  3460000
SALINAS Y FABRES S.A.,"AVENIDA GRAMADO S/N, PARCELA #2 SALIDA NORTE","REGION DE LOS LAGOS, PUERTO VARAS  5550000"
SALINAS Y FABRES S.A.,CAMINO A BALMACEDA KM 7 RECTA FOITXICK,COYHAIQUE 11 5950000
AGROTECNOLOGIA SALA S.A.,RUTA PROVINCIAL 6 KM 2,Rio Tercero X X5850COB
AGROTECNOLOGIA SALA S.A.,Av. Colectora Autopista 9 KM,"563, VILLA MARIA X X5900COB"
NATALINI AGRO SRL,Ruta Nacional 22 KM 1201,"Acceso Martín Fierro, Allen R R8328XAC"
Natalini Agro SRL,Urquiza 485,Villa Regina R R8336EDI
AGROTECNOLOGIA SALA S.A.,AVENIDA AGUSTIN TOSCO 199,CORONEL MOLDES X X5847COB
AGROTECNOLOGIA SALA S.A.,Ruta Nacional 36 Km. Nº 609,Rio Cuarto X X5806ASA
AGROTECNOLOGIA SALA S.A.,Ruta Nacional N 7 Km 693,Villa Mercedes D D5730BCA
AGROTECNOLOGIA SALA S.A.,RUTA NAC N 35 KM. 629.2,VICUNA MACKENNA X X6140CUL
AGROTECNOLOGIA SALA S.A.,Ruta Provincial E86,Adelia Maria X X5843CTA
AGROTECNOLOGIA SALA S.A.,RUTA NACIONAL 8 KM 499,LA CARLOTA X X2670BCE
RICARDO VENTURINO S.A.,AV. SAN MARTIN Y RUTA NACIONAL N 8,Arias X X2624BLP
RICARDO VENTURINO S.A.,RUTA 11 (JOSE MARIA PAZ),ISLA VERDE X X2661AJB
Ricardo Venturino SA,Bv Colon 2078,casilda S S2170HGX
ALVORADA,AV TANCREDO NEVES 1573,SAO BORJA RS 97670-000
ALVORADA,"ROD BR 285, KM 565 S/N",SAO LUIZ GONZAGA RS 97800-000
ALVORADA,AV BORGES DE MEDEIROS 2220,ITAQUI RS 97650-000
ALVORADA,AV ASSIS BRASIL 2109,ALEGRETE RS 97545-080
ALVORADA,RUA MAL SETEMBRINO DE CARVALHO 450,URUGUAIANA RS 97509-650
ALVORADA,AV ANTONIO TRILHA 836,SÃO GABRIEL RS 97306-064
ALVORADA,"R VINTE E UM DE ABRIL, LT B 2842",DOM PEDRITO RS 96450-000
ALVORADA,"ROD BR-153, KM 376, LT B 8405",CACHOEIRA DO SUL RS 96504-800
ALVORADA,"AV SANTA TECLA, LT B 3150",BAGE RS 96413-000
ALVORADA,R JOSE JULIO CENTENO COUTINHO 711,CAMAQUA RS 96789-866
ALVORADA,EST GERAL DE SERTAO DE SANTANA 150,BARRA DO RIBEIRO RS 92880-000
ALVORADA,AV CEL NONO CENTENO 1006,SAO LOURENCO DO SUL RS 96170-000
ALVORADA,AV PRESIDENTE JOAO BELCHIOR MARQUES GOULART 9396,"BAIRRO FRAGATA, PELOTAS RS 96055-030"
ALVORADA,LRG ALMIRANTE SALDANHA DA GAMA 344,SANTA VITORIA DO PALMAR RS 96230-000
IPESA S.A.C.,PANAMERICANA NORTE - KM 513,"EX FUNDO MA. CARIDAD S/N, VIRU 04"
IPESA S.A.C.,PANAMERICANA NORTE - KM. 793,"EX KM. 777, CHICLAYO 03 051"
IPESA S.A.C.,AVDA. GULMAN 346 - 354,"URB. SAN LORENZO, PIURA 02 051"
IPESA S.A.C.,CARRETERA CENTRAL 1777,"KM.10 - HUALHUAS, HUANCAYO 16 051"
IPESA S.A.C.,AV. Nicolas Ayllon 2241 - Ate,Lima 06 15022
IPESA S.A.C.,PROLONGACION AV. LA CULTURA,"SECTOR TINGO A2C S. JERONIMO, CUSCO 20 051"
IPESA S.A.C.,Av. Aviación 454,"CERRO COLORADO, AREQUIPA 16 051"
IPESA S.A.C.,Jirón Los Sauces 149,"URBANIZACION EL INGENIO, CAJAMARCA 12 00000"
MOTORES Y TRACTORES MOTRAC S.A,AV. C. J. AROSEMENA KM. 4.5,Guayaquil  090603
MOTORES Y TRACTORES MOTRAC S.A,BARR LAS VIAS SOLAR1 VIA DURAN YAGUACHI MANZ225,"LAS VIAS, Duran G 092406"
MOTORES Y TRACTORES MOTRAC S.A,KM 48 VIA DAULE - STA. LUCIA,DAULE G 0000
MOTORES Y TRACTORES MOTRAC S.A,AV. ENRIQUE PONCE LUQUE Y,"AV JUAN X MARCOS ESQUINA, BABAHOYO R 00000"
MOTORES Y TRACTORES MOTRAC S.A,KM 1.5 VIA VALENCIA,"PROVINCIA DE LOS RIOS, QUEVEDO R 120502"
MOTORES Y TRACTORES MOTRAC S.A,Av. Lizarzaburo y Rio Guayas,Riobamba H EC060150
MOTORES Y TRACTORES MOTRAC S.A,BARR QUINTA ABAD GUILLERMINA EN LA,"AV CHONE Y BOMBOLI, Santo Domingo SD EC2301"
MOTORES Y TRACTORES MOTRAC S.A,"Av. Panamericana Norte Km. 10, N70-76, sector Carretas",Quito P EC170309
MOTORES Y TRACTORES MOTRAC S.A,PANAMERICANA NORTE S/N INTERS MOJANDA,"BARR LA DOLOROSA DEL PRIORATO, IBARRA I 100105"
Brandt Tractor Ltd.,Highway 3 South,Prince Albert SK S6V 7M4
Brandt Tractor Ltd.,2002 Highway 35 South,Nipawin SK S0E 1E0
Brandt Tractor Ltd.,2320 Highway 6 South,Melfort SK S0E 1A0
Brandt Tractor Ltd.,Hwy 312 West,Rosthern SK S0K 3R0
Pattison Agriculture Limited,10041 Durum Avenue,North Battleford SK S9A 2Y7
Horizon Ag & Turf Ltd.,Hwy 29 & Hwy 881 South,St Paul AB T0A 3A0
Horizon Ag & Turf Ltd.,Highway 16 West RR #14,Lloydminster AB T9V 3A2
Horizon Ag & Turf Ltd.,4915 47th Avenue,Vermilion AB T9X 1J4
Brandt Tractor Ltd.,1125 N Service Rd Hwy 16 W,Saskatoon SK S7K 3V2
Pattison Agriculture Limited,Hwy #5 East,"PO Box 2109, Humboldt SK S0K 2A0"
Pattison Agriculture Limited,Hwy #14 West,"PO Box 599, Unity SK S0K 4L0"
Western Sales (1986) Ltd.,101 Hwy #14 East,"PO Box 549, Biggar SK S0K 0M0"
Deerland Equipment,2101 - 48 Avenue,Athabasca AB T9S 0B8
Battle River Implements Ltd.,1601 - 23rd Street,Wainwright AB T9W 1L2
Deerland Equipment,5108 53rd Street,Vegreville AB T9C 1M3
TERRAVERDE,"AV DR ALEXANDRE GUIMARAES DOS SANTOS, JARDIM RESI 200","SALA 04, PIRACICABA SP 13423-190"
TERRAVERDE,"ROD ANHANGUERA, KM 163, SP 330 SN",ARARAS SP 13602-040
TERRAVERDE,"AV ALBERTO DINIZ, SL 1 555",BRAGANCA PAULISTA SP 12902-360
TERRAVERDE,"ROD GOVERNADOR DOUTOR ADHEMAR PEREIRA DE BARROS, KM 161 S/N",MOGI MIRIM SP 13805-280
TERRAVERDE,AV PAPA JOAO PAULO II 810,LENCOIS PAULISTA SP 18681-111
TERRAVERDE,"AV DEPUTADO ZIEN NASSIF, 1868","BRCAO 1 N1868, BRCAO 2 N 1900, JAU SP 17204-212"
TERRAVERDE,"RODOVIA SP 340, KM 237 SN","+ 300 METROS, SALA 1, CASA BRANCA SP 13700-000"
TERRAVERDE,AV BANDEIRANTES W-6510,TAUBATE SP 12070-100
TRANORTE,AV PRESIDENTE NEREU RAMOS 548,MAFRA SC 89304-005
TRANORTE,ROD BR 280 2207,CANOINHAS SC 89466-583
TRANORTE,"RODOVIA BR 280, KM 55 11394",GUARAMIRIM SC 89270-000
United Ag & Turf,400 W. Old Country Road,HICKSVILLE NY 11801
United Ag & Turf,522 Edwards Avenue,CALVERTON NY 11933
United Ag & Turf,25 6 1/2 Station Road,Goshen NY 10924
United Ag & Turf,242 Colt Highway,Farmington CT 06032
United Ag & Turf,2A Gandolfo Drive,Canaan CT 06018
United Ag & Turf,119 S Main Street,EAST WINDSOR CT 06088
United Ag & Turf,2356 Route 9,HUDSON NY 12534
Central Jersey Equipment LLC,228 State Route 94,Columbia NJ 07832
United Ag & Turf,20 Excalibur Blvd,PLAINFIELD CT 06374
Central Jersey Equipment LLC,2885 Route 206 Bldg 4,Columbus NJ 08022
United Ag & Turf,1620 Page Blvd Rt 20,SPRINGFIELD MA 01104
United Ag & Turf,2173 Route 203,Chatham NY 12037
Lindsey Equipment,237 Sunrise Avenue,Honesdale PA 18431
Central Jersey Equipment LLC,100 Route 206,Hammonton NJ 08037
Deer Country Farm and Lawn,6670 Ruppsville Road,Allentown PA 18106
